text,label,language
"I went to the store yesterday and bought some groceries. The weather was nice so I walked instead of driving. It felt good to be outside after being stuck indoors all week.",0,en
"My dog absolutely loves going to the park! She gets so excited when she sees other dogs to play with. Sometimes she's a bit too energetic and knocks things over, but I can't stay mad at her.",0,en
"Just finished reading this amazing book about space exploration. I couldn't put it down! The author really knows how to tell a story. Would definitely recommend it to anyone who likes science fiction.",0,en
"Cooking dinner tonight was a disaster. I burned the rice and the vegetables were way too salty. Oh well, at least the family was nice about it. We ended up ordering pizza instead lol",0,en
"The concert last night was incredible!! The band played all my favorite songs and the crowd energy was amazing. My voice is completely gone from all the singing along haha",0,en
"Working from home has its pros and cons. I love not having to commute but sometimes I really miss chatting with my coworkers. The coffee at the office was way better too.",0,en
"My kids are driving me crazy today. Summer break just started and they're already bored. Trying to think of activities that don't involve screens is harder than I thought it would be.",0,en
"Finally got around to cleaning out the garage this weekend. Found so much stuff I forgot we had! It's kind of like a trip down memory lane, honestly.",0,en
"The new coffee shop downtown is pretty good. The barista was super friendly and they have this cool vintage decor. Prices are a bit steep though.",0,en
"Can't believe it's already June. This year is flying by so fast! Feels like just yesterday we were celebrating New Year's. Time is weird like that I guess.",0,en
"Had the worst customer service experience at the phone store today. Waited for an hour and then they told me they couldn't help me. So frustrating!",0,en
"Made homemade pasta for the first time and it actually turned out pretty decent! Who knew flour and eggs could be so satisfying to work with?",0,en
"The sunset tonight was absolutely gorgeous. All those pinks and oranges... I just stood there staring at it for like 20 minutes. Nature is amazing sometimes.",0,en
"My neighbor's cat keeps sneaking into our backyard. At first I was annoyed but now I kind of look forward to seeing the little guy. He's pretty cute tbh.",0,en
"Tried that new workout app everyone's been talking about. It kicked my butt! Definitely sore today but I'm gonna keep at it.",0,en
"Ugh Monday mornings are the worst. Spilled coffee on my shirt, missed the bus, and now I'm late for work. Can this day just be over already?",0,en
"Just adopted a rescue dog and I'm already in love! She's a bit shy but warming up to us. Best decision ever.",0,en
"Why do I always procrastinate on everything? Told myself I'd clean the apartment today and here I am watching Netflix again...",0,en
"Road trip with friends this weekend was epic! Got lost twice but that's part of the adventure right? Already planning the next one.",0,en
"My grandmother's cooking is literally the best. No restaurant can compare to her homemade soup. Miss her so much.",0,en
"Started learning guitar last month. My fingers hurt like crazy but I can finally play a full song! Small wins.",0,en
"The traffic in this city is absolutely insane. Took me 2 hours to get home today. Seriously considering moving.",0,en
"Found an old photo album from college today. So many memories! We looked so young and clueless haha.",0,en
"My roommate ate my leftovers again. I'm not even mad anymore, just disappointed. Time to get a mini fridge for my room.",0,en
"First time skiing and I fell like 50 times. But by the end I could actually go down the bunny slope! Progress!",0,en
"So I was telling my friend about this crazy thing that happened at work right, and she just couldn't believe it! Like literally her jaw dropped.",0,en
"ngl this new album slaps hard fr fr. been listening to it on repeat all day and i still can't get enough. the production is insane!!",0,en
"Does anyone else feel like time moves differently on Sundays? Like somehow it's both the longest and shortest day of the week???",0,en
"Just had the most awkward elevator ride of my life. Ran into my ex and we both pretended not to see each other. Small world smh.",0,en
"My plant is finally growing new leaves after I almost killed it last month! I'm basically a plant parent now.",0,en
"Artificial intelligence represents a transformative technology that continues to reshape various aspects of modern society. The integration of AI systems into everyday applications has demonstrated significant potential for improving efficiency and decision-making processes. Furthermore, ongoing research in machine learning promises even greater advancements.",1,en
"Climate change poses one of the most significant challenges facing humanity in the 21st century. Scientific consensus indicates that human activities have contributed substantially to global warming. Addressing this issue requires coordinated international efforts and significant changes to our energy infrastructure and consumption patterns.",1,en
"The digital revolution has fundamentally altered how we communicate, work, and access information. Social media platforms have created new paradigms for human interaction and information sharing. These changes present both opportunities and challenges for individuals and organizations seeking to adapt to an increasingly connected world.",1,en
"Education systems worldwide are undergoing significant transformation in response to technological advancement. The integration of digital tools and online learning platforms has expanded access to educational resources. Additionally, there is growing recognition of the importance of developing critical thinking and adaptability skills in students.",1,en
"Healthcare innovation continues to advance at a remarkable pace, with new treatments and technologies offering hope for previously untreatable conditions. Precision medicine, enabled by genetic sequencing and data analytics, represents a paradigm shift in disease prevention and treatment approaches.",1,en
"Economic globalization has created unprecedented interconnectedness between markets and nations. International trade agreements and technological advances have facilitated the free flow of goods, services, and capital across borders. This integration has generated both economic opportunities and challenges for different regions.",1,en
"Sustainable development requires balancing economic growth with environmental protection and social equity. Organizations and governments are increasingly recognizing the importance of implementing sustainable practices. This transition presents significant opportunities for innovation and long-term value creation.",1,en
"The evolution of transportation technology is driving fundamental changes in urban mobility patterns. Electric vehicles, autonomous driving systems, and shared transportation services are reshaping how people move through cities. These developments have important implications for urban planning and infrastructure investment.",1,en
"Digital security has become a critical concern for individuals, organizations, and governments alike. The increasing sophistication of cyber threats requires continuous advancement in protective measures and security protocols. Effective cybersecurity strategies must address both technical and human factors.",1,en
"The future of work is being shaped by automation, artificial intelligence, and changing workforce demographics. Organizations must adapt their structures and practices to remain competitive in an evolving landscape. Developing a skilled and adaptable workforce is essential for long-term success.",1,en
"Quantum computing represents a revolutionary advancement in computational capability. Unlike classical computers that use binary bits, quantum computers utilize quantum bits or qubits that can exist in multiple states simultaneously. This enables exponentially faster processing for certain types of complex calculations.",1,en
"The intersection of biotechnology and information technology is creating new possibilities for personalized medicine. Advances in genomic sequencing, combined with sophisticated data analysis techniques, are enabling more targeted and effective treatments. This convergence has the potential to transform healthcare delivery.",1,en
"Urban planning in the 21st century must address complex challenges related to sustainability, livability, and resilience. Cities around the world are implementing innovative strategies to reduce carbon emissions, improve public transportation, and create more inclusive communities.",1,en
"The democratization of information through the internet has transformed how knowledge is created, shared, and accessed. This shift has profound implications for education, journalism, and democratic participation. However, it also raises important questions about misinformation and digital literacy.",1,en
"Artificial neural networks have emerged as powerful tools for pattern recognition and complex decision-making tasks. These systems, inspired by the structure of biological brains, can learn from vast amounts of data to perform tasks ranging from image classification to natural language processing.",1,en
"The global economy faces unprecedented challenges in the aftermath of recent disruptions. Supply chain vulnerabilities have been exposed, prompting organizations to reconsider their operational strategies. Building resilience and adaptability has become paramount for sustainable business success.",1,en
"Renewable energy technologies are experiencing rapid advancement and declining costs. Solar and wind power have become increasingly competitive with traditional fossil fuels. This transition represents a fundamental shift in how societies generate and consume energy.",1,en
"The psychological impact of social media on mental health has become a subject of growing concern. Research indicates correlations between excessive social media use and increased rates of anxiety and depression. Understanding these dynamics is essential for developing healthier digital habits.",1,en
"Space exploration has entered a new era characterized by private sector involvement and ambitious missions. Companies are developing reusable rocket technology, significantly reducing the cost of access to space. These developments are opening new possibilities for scientific research and commercial applications.",1,en
"The principles of behavioral economics have revolutionized our understanding of decision-making processes. Traditional economic models assumed rational actors, but research has demonstrated systematic biases and heuristics that influence choices. These insights have practical applications in policy design and marketing strategies.",1,en
"The integration of machine learning algorithms into predictive analytics has revolutionized business intelligence capabilities. Organizations can now leverage vast datasets to identify patterns and trends that were previously undetectable. This advancement enables more informed strategic decision-making.",1,en
"Contemporary research in neuroscience has unveiled remarkable insights into the plasticity of the human brain. The discovery that neural pathways can be restructured through targeted interventions has profound implications for treating neurological disorders. These findings represent a paradigm shift in our understanding of cognitive development.",1,en
"The proliferation of Internet of Things devices has created an interconnected ecosystem of unprecedented scale. Smart sensors and actuators are transforming industries from manufacturing to healthcare. However, this connectivity also introduces significant cybersecurity vulnerabilities that must be addressed.",1,en
"Geopolitical dynamics in the contemporary era are characterized by shifting power structures and emerging multilateral frameworks. Traditional alliances are being reconsidered as nations navigate complex trade relationships and security concerns. The implications of these changes extend far beyond diplomatic spheres.",1,en
"The circular economy model represents a fundamental reimagining of production and consumption patterns. By emphasizing resource efficiency, waste reduction, and material recovery, this approach offers a sustainable alternative to linear economic models. Implementation requires collaboration across entire value chains.",1,en
"今天去夜市吃了超多東西，臭豆腐、雞排、珍珠奶茶，吃到肚子快撐破！雖然排隊排很久但真的很值得啦～",0,zh
"週末跟朋友去爬山，結果下雨淋成落湯雞哈哈。不過山上的風景真的超美，空氣也很好，下次還要再去！",0,zh
"最近工作壓力超大，每天加班到很晚。好想請個長假去旅行放鬆一下，但是存款看了看還是算了...",0,zh
"剛剛在路上看到一隻超可愛的柴犬，忍不住停下來摸了好久。狗狗的主人人也很nice，還讓我拍照！",0,zh
"媽媽今天煮了我最愛的紅燒肉，一回家就聞到香味，真的是世界上最幸福的事情沒有之一。",0,zh
"這部劇真的太好哭了吧！！看到凌晨三點停不下來，明天上班肯定要變熊貓眼了QQ",0,zh
"台北的房價真的誇張到不行，一輩子都買不起房子的感覺。唉只能繼續租房了...",0,zh
"今天第一次嘗試自己做蛋糕，雖然長得有點醜但味道還不錯！烘焙真的好療癒～",0,zh
"捷運上遇到讓座的年輕人，覺得社會還是很溫暖的。小小的善舉讓人一整天心情都很好。",0,zh
"跟男朋友吵架了，為了一點小事。現在想想其實也沒什麼，等等還是主動道歉好了。",0,zh
"好久沒回老家了，今天回去發現巷口的麵店居然收掉了！從小吃到大欸，好傷心...",0,zh
"考試終於考完了！！雖然有幾題不太確定，但至少解脫了。今晚要好好大睡一場！",0,zh
"下班後跟同事去唱KTV，唱到燒聲哈哈。好久沒這麼放鬆了，明天又要面對現實了...",0,zh
"最近迷上了露營，上週去的營地超棒，晚上看星星真的太浪漫了。已經在計畫下次要去哪了！",0,zh
"今天收到一個超驚喜的包裹，是朋友從日本寄來的伴手禮！友情真的很珍貴啊～",0,zh
"欸欸你們有沒有吃過那間新開的拉麵店啊？聽說超好吃但是要排很久，不知道值不值得",0,zh
"今天被老闆念了一頓，心情超差。算了不想了，等等去買杯手搖安慰自己",0,zh
"終於把追了好久的劇看完了，結局有點意難平欸... 有人可以來跟我討論一下嗎",0,zh
"天氣好熱喔受不了，冷氣開到最強還是覺得熱。夏天真的是我的剋星...",0,zh
"發薪日就是我最快樂的一天！雖然看完信用卡帳單又瞬間不開心了哈哈",0,zh
"人工智慧技術的快速發展正在深刻改變各個產業的運作模式。從自動化生產到智慧客服，AI的應用場景日益廣泛。企業需要積極擁抱這一技術變革，以保持競爭優勢並實現可持續發展。",1,zh
"全球氣候變遷已成為當今世界面臨的最嚴峻挑戰之一。科學研究表明，人類活動導致的溫室氣體排放是全球暖化的主要原因。應對這一挑戰需要國際社會的共同努力與協調行動。",1,zh
"數位轉型正在重塑企業的商業模式和運營方式。雲端運算、大數據分析和物聯網等技術的整合應用，為組織創造了前所未有的效率提升機會。成功的數位轉型需要技術投資與組織文化變革並行。",1,zh
"現代教育體系正面臨著前所未有的變革壓力。線上學習平台的興起打破了傳統教育的時空限制，為終身學習提供了新的可能性。培養學生的批判性思維和創新能力已成為教育改革的核心目標。",1,zh
"健康醫療領域的創新正以前所未有的速度推進。精準醫療、基因療法和遠端醫療等新興技術正在改變疾病診斷和治療的方式。這些進步為改善人類健康狀況帶來了新的希望。",1,zh
"城市化進程的加速帶來了一系列社會和環境挑戰。交通擁堵、住房短缺和環境污染等問題日益嚴重。智慧城市解決方案的應用為提升城市治理效率和居民生活品質提供了新的途徑。",1,zh
"金融科技的發展正在重新定義傳統金融服務的邊界。區塊鏈、數位支付和人工智慧在風險管理中的應用正在改變金融業的運作方式。監管框架需要與時俱進以適應這些創新。",1,zh
"可再生能源技術的進步正在推動全球能源結構的轉型。太陽能和風能的發電成本持續下降，使其成為越來越具有競爭力的替代方案。這一轉變對於實現碳中和目標具有重要意義。",1,zh
"社群媒體的普及深刻影響了現代人的溝通方式和資訊獲取習慣。這些平台在促進資訊傳播的同時，也帶來了隱私保護和假訊息傳播等問題。數位素養的培養變得越來越重要。",1,zh
"電子商務的蓬勃發展正在改變消費者的購物習慣和零售業的商業模式。便捷的線上購物體驗和個性化推薦系統提升了消費者滿意度。物流配送效率的提升是支撐這一增長的關鍵因素。",1,zh
"人機協作正在成為製造業的新趨勢。協作機器人的應用使得自動化生產更加靈活和高效，同時提升了工作場所的安全性。這種協作模式需要工人具備新的技能和知識。",1,zh
"心理健康問題日益受到社會的重視和關注。現代生活的壓力和快節奏對人們的心理健康產生了不可忽視的影響。建立完善的心理健康服務體系是當前社會發展的重要課題。",1,zh
"農業科技的創新正在改變傳統農業的生產方式。精準農業、垂直農場和基因編輯技術的應用提高了農業生產的效率和可持續性。這些技術對於應對全球糧食安全挑戰具有重要意義。",1,zh
"自動駕駛技術的發展正在重新定義未來交通的面貌。感測器技術、機器學習和車聯網的整合使得自動駕駛成為可能。安全性和法規框架的完善是該技術大規模應用的關鍵前提。",1,zh
"元宇宙概念的興起引發了對虛擬世界未來發展的廣泛討論。虛擬實境和擴增實境技術的進步為沉浸式數位體驗創造了新的可能性。這一趨勢將深刻影響娛樂、社交和商業等多個領域。",1,zh
"資訊安全在數位時代的重要性日益凸顯。隨著網路攻擊手法的不斷演進，組織需要建立多層次的防護機制。員工的安全意識培訓是整體資安策略中不可或缺的一環。",1,zh
"永續發展已成為企業經營的核心議題。環境、社會和公司治理（ESG）標準的實施正在改變投資決策的考量因素。將永續理念融入商業策略對企業的長期發展至關重要。",1,zh
"量子運算技術的突破正在開啟計算能力的新紀元。量子位元的疊加和糾纏特性使其能夠解決傳統電腦難以處理的複雜問題。這項技術的發展將對密碼學和藥物研發等領域產生深遠影響。",1,zh
"生物多樣性的保護是維護地球生態系統健康的關鍵。物種滅絕速度的加快對整個生態網絡構成嚴重威脅。建立有效的自然保護區網絡和實施可持續的土地利用政策刻不容緩。",1,zh
"跨學科研究方法的興起正在推動科學創新的新模式。傳統學科邊界的打破促進了不同領域知識的融合與應用。這種協作研究模式為解決複雜社會問題提供了新的視角和方法。",1,zh
